{
  "project_info": {
    "project_number": "606849421104",
    "project_id": "beespotter2",
    "storage_bucket": "beespotter2.appspot.com"
  },
  "client": [
    {
      "client_info": {
        "mobilesdk_app_id": "1:606849421104:android:e9eac14b9807ebfdbd02f5",
        "android_client_info": {
          "package_name": "com.example.beespotter"
        }
      },
      "oauth_client": [
        {
          "client_id": "606849421104-utja6mab6t6sndc707uut2u23t67oogj.apps.googleusercontent.com",
          "client_type": 3
        }
      ],
      "api_key": [
        {
          "current_key": "AIzaSyCQtzabE5Hsh7F83mQKosjsRBqhIV5NNrM"
        }
      ],
      "services": {
        "appinvite_service": {
          "other_platform_oauth_client": [
            {
              "client_id": "606849421104-utja6mab6t6sndc707uut2u23t67oogj.apps.googleusercontent.com",
              "client_type": 3
            }
          ]
        }
      }
    }
  ],
  "configuration_version": "1"
}